Column_Name,Value_1
APPLE,-0.025821759
APPLE,-0.049563463
APPLE,-0.048415797
APPLE,-0.047346008
APPLE,-0.045770373
APPLE,-0.045020955
APPLE,-0.043929672
R_Hip_y,-0.006425402
R_Hip_y,-0.006736385
R_Hip_y,-0.007366543
R_Hip_y,-0.007539879
R_Hip_y,-0.007594541
R_Hip_y,-0.008194527
R_Hip_y,-0.009196861
R_Hip_y,-0.010437669
BOOK,0.052910981
BOOK,0.054286352
BOOK,0.056102571
BOOK,0.057331744
BOOK,0.059049232
BOOK,0.060203687
BOOK,0.061136661
BOOK,0.062031051
